Date,ABB.NS,ESCORTS.NS,HDFCBANK.NS,INFY.NS,RELIANCE.NS
2022-04-01,2043.44,1635.69,704.66,1672.63,1202.88
2022-04-04,2059.15,1700.33,775.21,1654.53,1206.44
2022-04-05,2133.57,1795.94,752.5,1635.33,1189.39
2022-04-06,2135.41,1820.12,725.64,1606.99,1186.21
2022-04-07,2118.69,1652.36,709.69,1591.31,1165.29
2022-04-08,2163.92,1551.16,708.7,1594.47,1184.67
2022-04-11,2140.58,1545.04,700.05,1552.25,1182.21
2022-04-12,2132.55,1483.2,698.81,1531.08,1159.95
2022-04-13,2152.08,1486.23,685.45,1536.44,1155.69
2022-04-18,2110.32,1490.28,652.93,1424.71,1152.16
2022-04-19,2080.07,1488.16,628.01,1372.52,1196.07
2022-04-20,2065.82,1468.89,633.68,1395.1,1231.23
2022-04-21,2071.67,1528.86,643.06,1422.43,1260.06
2022-04-22,2088.68,1528.76,634.28,1393.12,1249.51
2022-04-25,2029.62,1542.63,639.03,1371.73,1220.61
2022-04-26,2017.88,1550.44,641.98,1389.21,1257.14
2022-04-27,2019.82,1547.83,642.21,1364.43,1258.36
2022-04-28,2032.61,1559.68,641.65,1390.62,1277.16
2022-04-29,2031.35,1574.9,647.85,1377.39,1263.75
2022-05-02,1987.55,1519.18,656.79,1354.06,1259.32
2022-05-04,1951.8,1506.51,634.47,1349.27,1220.0
2022-05-05,2152.03,1505.98,633.04,1392.86,1196.11
2022-05-06,2184.1,1510.6,616.5,1355.69,1186.94
2022-05-09,2233.99,1500.49,617.56,1379.85,1140.58
2022-05-10,2161.18,1520.38,627.48,1364.61,1120.81
2022-05-11,2199.4,1528.18,631.01,1341.54,1109.33
2022-05-12,2163.99,1497.4,616.78,1325.77,1086.73
2022-05-13,2219.36,1493.17,611.25,1321.9,1099.05
2022-05-16,2181.77,1584.97,617.75,1308.46,1099.32
2022-05-17,2223.0,1559.49,621.97,1334.25,1145.5
2022-05-18,2208.12,1562.86,621.92,1326.12,1149.66
2022-05-19,2204.3,1539.74,609.21,1254.02,1123.17
2022-05-20,2217.96,1577.36,625.26,1278.63,1188.66
2022-05-23,2225.61,1575.19,617.23,1290.27,1180.71
2022-05-24,2212.1,1540.22,624.31,1266.19,1184.77
2022-05-25,2145.63,1515.85,628.97,1239.35,1183.02
2022-05-26,2123.05,1550.39,646.91,1251.21,1171.74
2022-05-27,2213.11,1566.67,658.91,1284.08,1166.31
2022-05-30,2311.55,1577.89,663.41,1341.59,1206.94
2022-05-31,2351.76,1570.18,657.44,1335.19,1192.37
2022-06-01,2379.96,1536.52,660.24,1312.95,1192.76
2022-06-02,2343.19,1557.08,655.62,1339.1,1233.88
2022-06-03,2243.73,1544.17,653.35,1351.27,1258.89
2022-06-06,2289.95,1536.76,652.47,1358.68,1253.47
2022-06-07,2278.47,1542.73,644.97,1337.95,1255.83
2022-06-08,2233.61,1540.22,647.24,1332.0,1233.77
2022-06-09,2279.24,1519.37,652.12,1345.32,1267.6
2022-06-10,2260.78,1518.79,639.53,1311.39,1229.33
2022-06-13,2264.76,1489.84,627.93,1264.95,1206.08
2022-06-14,2249.16,1488.73,621.02,1279.2,1190.31
2022-06-15,2233.02,1511.04,618.87,1262.91,1175.91
2022-06-16,2174.16,1502.56,606.49,1240.71,1159.47
2022-06-17,2105.57,1445.87,610.49,1231.92,1173.06
2022-06-20,2119.91,1430.26,625.83,1255.76,1151.79
2022-06-21,2158.56,1456.41,632.64,1287.51,1170.39
2022-06-22,2147.03,1425.3,629.66,1276.27,1134.83
2022-06-23,2219.51,1454.05,631.98,1289.77,1116.42
2022-06-24,2219.12,1464.31,640.81,1279.69,1132.32
2022-06-27,2221.25,1488.25,641.97,1309.44,1128.97
2022-06-28,2213.74,1476.93,637.07,1314.37,1144.84
2022-06-29,2238.35,1405.36,636.14,1299.36,1168.6
2022-06-30,2229.34,1398.53,638.06,1298.16,1175.62
2022-07-01,2204.68,1419.54,640.78,1313.7,1090.94
2022-07-04,2288.06,1478.54,641.68,1321.34,1093.21
2022-07-05,2291.21,1453.22,640.24,1310.64,1102.06
2022-07-06,2438.72,1512.17,649.07,1324.58,1092.37
2022-07-07,2482.76,1529.02,660.69,1330.84,1081.61
2022-07-08,2508.58,1511.74,661.3,1344.83,1083.11
2022-07-11,2529.65,1530.57,665.59,1308.15,1097.83
2022-07-12,2461.78,1529.84,658.79,1277.47,1096.27
2022-07-13,2465.56,1553.89,642.72,1282.67,1076.83
2022-07-14,2469.1,1566.04,639.5,1268.81,1085.71
2022-07-15,2479.85,1605.87,644.71,1270.15,1087.82
2022-07-18,2506.11,1614.15,637.85,1323.03,1097.08
2022-07-19,2510.32,1699.14,638.08,1317.92,1103.81
2022-07-20,2517.74,1677.7,646.13,1345.58,1133.65
2022-07-21,2686.52,1681.67,644.1,1361.21,1126.09
2022-07-22,2612.54,1655.97,659.12,1337.59,1133.7
2022-07-25,2580.08,1638.2,661.07,1335.19,1096.24
2022-07-26,2629.01,1640.19,659.72,1288.62,1096.74
2022-07-27,2643.31,1644.88,664.76,1306.29,1095.7
2022-07-28,2637.59,1667.05,670.65,1347.45,1112.86
2022-07-29,2651.06,1677.5,678.86,1376.13,1136.57
2022-08-01,2660.26,1667.87,684.52,1377.33,1166.2
2022-08-02,2673.73,1581.14,676.99,1370.71,1170.63
2022-08-03,2588.51,1584.72,678.58,1390.69,1180.46
2022-08-04,2585.37,1583.22,677.77,1420.71,1164.86
2022-08-05,2604.6,1590.0,675.48,1435.58,1147.69
2022-08-08,2636.48,1596.68,692.05,1438.02,1162.71
2022-08-10,2684.24,1635.83,694.06,1422.97,1169.66
2022-08-11,2711.27,1611.05,703.24,1438.51,1173.56
2022-08-12,2710.26,1627.56,702.98,1415.56,1192.53
2022-08-16,2807.87,1783.55,711.03,1417.64,1200.82
2022-08-17,2801.82,1760.85,714.69,1426.35,1207.09
2022-08-18,2800.61,1745.94,715.55,1405.66,1209.28
2022-08-19,2798.52,1717.82,706.72,1418.22,1187.72
2022-08-22,2780.31,1670.54,695.97,1399.17,1184.43
2022-08-23,2778.9,1700.2,693.82,1369.65,1202.69
2022-08-24,2965.27,1708.19,697.16,1365.3,1199.49
2022-08-25,3046.61,1698.95,693.37,1348.11,1195.99
2022-08-26,3072.04,1778.56,693.49,1351.13,1189.61
2022-08-29,3097.04,1881.12,681.32,1298.03,1180.36
2022-08-30,3161.28,1930.87,703.43,1325.74,1198.67
2022-09-01,3297.85,1956.04,696.83,1300.21,1163.43
2022-09-02,3264.13,2008.65,703.15,1290.26,1149.85
2022-09-05,3186.91,1954.93,707.67,1297.63,1167.71
2022-09-06,3257.49,1961.51,704.97,1292.12,1180.0
2022-09-07,3207.35,1928.45,701.63,1294.39,1173.14
2022-09-08,3215.05,1930.68,708.87,1310.59,1174.79
2022-09-09,3211.57,1920.27,709.35,1342.34,1167.48
2022-09-12,3226.05,1925.26,706.96,1364.14,1180.54
2022-09-13,3254.39,1924.34,716.21,1371.91,1190.4
2022-09-14,3186.37,1938.18,723.57,1310.15,1176.14
2022-09-15,3194.42,1936.54,719.81,1272.32,1164.48
2022-09-16,3081.25,1868.1,706.58,1222.82,1135.63
2022-09-19,3059.59,2018.91,711.24,1234.58,1137.1
2022-09-20,3052.57,2028.15,719.81,1233.03,1137.28
2022-09-21,3032.32,2017.02,718.69,1222.99,1140.42
2022-09-22,3046.32,2058.84,703.38,1214.74,1129.67
2022-09-23,3027.47,2010.15,684.52,1212.52,1108.5
2022-09-26,2908.83,1936.05,675.29,1225.66,1080.26
2022-09-27,2938.43,1961.99,669.23,1237.47,1088.85
2022-09-28,2916.1,1966.35,657.73,1238.49,1059.86
2022-09-29,2903.02,2025.88,654.32,1242.0,1056.61
2022-09-30,2992.35,2059.66,672.78,1255.14,1080.44
2022-10-03,2901.66,1993.26,668.92,1237.65,1076.69
2022-10-04,2984.99,2059.18,687.76,1269.3,1096.55
2022-10-06,3089.68,2063.87,680.19,1292.17,1100.59
2022-10-07,3193.59,2065.95,677.25,1288.66,1105.25
2022-10-10,3130.08,2031.49,669.77,1298.83,1093.19
2022-10-11,3097.62,1975.88,662.98,1264.33,1071.42
2022-10-12,3146.5,2016.88,667.31,1268.68,1079.3
2022-10-13,3164.28,1935.71,659.65,1260.87,1082.73
2022-10-14,3094.96,1902.12,681.13,1309.13,1077.24
2022-10-17,3097.14,1905.56,684.71,1323.07,1094.53
2022-10-18,3111.72,1913.55,683.43,1335.28,1113.84
2022-10-19,3137.59,1927.82,690.44,1319.08,1133.22
2022-10-20,3035.37,1926.42,685.77,1332.8,1136.26
2022-10-21,2946.67,1924.68,680.95,1332.44,1123.08
2022-10-24,2957.86,1920.13,691.57,1347.85,1126.83
2022-10-25,2960.23,1936.78,686.77,1355.35,1109.43
2022-10-27,2944.88,1954.54,688.42,1368.05,1113.79
2022-10-28,2869.98,1932.28,690.46,1358.45,1147.87
2022-10-31,2954.9,1973.08,708.45,1380.35,1158.53
2022-11-01,3054.12,1944.18,716.28,1412.08,1149.55
2022-11-02,3072.24,1942.63,716.73,1394.4,1156.73
2022-11-03,3124.95,1948.64,713.58,1374.16,1161.05
2022-11-04,3119.76,1926.76,708.66,1359.12,1178.13
2022-11-07,3160.89,1894.86,714.17,1353.24,1184.43
2022-11-09,3007.37,1923.86,713.96,1356.61,1183.25
2022-11-10,3068.41,1955.75,721.72,1348.3,1168.93
2022-11-11,3057.7,1920.76,762.62,1409.48,1195.88
2022-11-14,2931.12,1926.47,764.47,1423.13,1190.09
2022-11-15,2933.69,1948.39,766.34,1430.94,1184.75
2022-11-16,2941.24,1951.93,772.92,1438.84,1177.95
2022-11-17,3025.1,1950.86,765.93,1425.01,1181.0
2022-11-18,2996.47,1965.82,763.92,1430.4,1180.36
2022-11-21,2987.07,2125.73,756.09,1407.78,1159.12
2022-11-22,2964.3,2141.46,754.98,1422.9,1165.55
2022-11-23,3002.91,2142.71,756.94,1421.2,1161.91
2022-11-24,3027.77,2115.42,769.25,1463.07,1171.93
2022-11-25,2994.73,2215.07,765.7,1468.33,1189.43
2022-11-28,3006.84,2196.1,757.46,1457.33,1230.3
2022-11-29,2921.43,2189.81,756.32,1462.4,1232.41
2022-11-30,2907.38,2213.28,761.34,1467.7,1241.11
2022-12-01,2900.74,2271.46,766.57,1487.58,1237.46
2022-12-02,2885.48,2249.39,760.7,1470.35,1236.93
2022-12-05,2883.06,2248.13,763.47,1472.01,1218.89
2022-12-06,2852.54,2224.41,762.62,1447.9,1222.42
2022-12-07,2876.71,2213.96,762.29,1441.26,1204.38
2022-12-08,2895.41,2216.14,766.57,1454.41,1203.81
2022-12-09,2884.08,2212.94,772.04,1408.76,1185.56
2022-12-12,2898.37,2201.62,778.05,1388.92,1187.38
2022-12-13,2900.06,2145.91,780.2,1411.32,1192.79
2022-12-14,2913.19,2124.57,786.81,1417.83,1188.47
2022-12-15,2839.07,2137.15,772.39,1382.91,1171.59
2022-12-16,2750.22,2107.04,776.11,1366.48,1165.8
2022-12-19,2807.15,2132.26,778.52,1353.15,1181.11
2022-12-20,2833.89,2118.95,773.15,1353.11,1191.33
2022-12-21,2752.65,2081.05,765.67,1355.13,1174.39
2022-12-22,2715.63,2019.15,763.05,1366.35,1171.34
2022-12-23,2597.38,1947.57,756.23,1343.95,1136.99
2022-12-26,2639.92,2034.88,771.28,1348.71,1146.92
2022-12-27,2657.36,2019.98,772.06,1359.88,1156.3
2022-12-28,2639.62,2044.56,771.45,1355.66,1156.19
2022-12-29,2600.72,2072.39,776.89,1362.31,1155.66
2022-12-30,2599.56,2071.62,770.67,1353.91,1157.44
2023-01-02,2596.6,2072.05,770.93,1368.1,1170.48
2023-01-03,2605.76,2097.41,775.97,1366.8,1161.91
2023-01-04,2621.07,2076.6,762.1,1341.88,1144.42
2023-01-05,2718.73,2099.01,757.2,1324.29,1142.37
2023-01-06,2755.17,2095.57,754.69,1300.32,1152.76
2023-01-09,2773.09,2138.6,756.16,1332.59,1179.97
2023-01-10,2753.28,2107.53,742.34,1319.4,1162.53
2023-01-11,2810.01,2063.58,753.03,1320.74,1147.87
2023-01-12,2823.52,2042.0,757.06,1329.14,1123.08
2023-01-13,2809.76,2050.13,757.65,1349.83,1121.27
2023-01-16,2783.07,2028.64,750.38,1369.44,1110.59
2023-01-17,2785.54,2037.45,761.56,1382.01,1126.36
2023-01-18,2829.53,2024.14,775.0,1387.31,1124.49
2023-01-19,2827.88,2034.3,778.22,1381.47,1123.29
2023-01-20,2842.51,2027.82,786.19,1369.49,1109.93
2023-01-23,2856.03,2034.35,791.94,1389.64,1104.32
2023-01-24,2853.46,2031.64,802.55,1393.14,1097.8
2023-01-25,2783.99,2021.91,780.37,1385.15,1082.62
2023-01-27,2716.02,1945.83,764.82,1363.74,1062.08
2023-01-30,2727.31,1961.51,764.04,1381.38,1072.26
2023-01-31,2751.19,2021.52,759.0,1376.85,1069.58
2023-02-01,2702.36,1951.68,770.38,1392.43,1063.24
2023-02-02,2743.54,1985.47,758.93,1421.74,1057.36
2023-02-03,2718.59,2010.63,785.17,1435.78,1058.29
2023-02-06,2840.82,1995.87,781.84,1409.26,1050.31
2023-02-07,2929.47,1941.08,783.0,1402.57,1047.79
2023-02-08,2983.68,1919.02,782.9,1427.79,1068.72
2023-02-09,3030.77,1907.11,781.27,1451.58,1070.58
2023-02-10,3067.83,1991.9,784.37,1444.0,1061.76
2023-02-13,2983.87,2013.01,784.96,1407.1,1055.72
2023-02-14,2981.6,1986.58,792.23,1430.26,1080.6
2023-02-15,3051.65,1978.21,790.62,1433.67,1105.07
2023-02-16,3089.24,2022.06,787.75,1437.94,1104.2
2023-02-17,3038.62,2023.27,783.8,1421.78,1108.82
2023-02-20,3075.44,2027.77,776.44,1429.54,1097.09
2023-02-21,3070.83,2039.58,779.35,1417.92,1106.04
2023-02-22,3074.13,2021.04,764.06,1402.03,1080.96
2023-02-23,3040.75,1976.22,758.88,1392.07,1075.78
2023-02-24,3044.29,1951.44,752.11,1392.02,1083.14
2023-02-27,3011.39,1918.29,753.98,1354.9,1075.94
2023-02-28,3117.29,2008.89,757.15,1335.38,1055.36
2023-03-01,3208.47,2019.49,756.42,1343.01,1065.06
2023-03-02,3220.04,1948.78,749.98,1321.55,1056.95
2023-03-03,3225.23,1941.42,764.87,1327.97,1083.92
2023-03-06,3215.25,1949.56,770.26,1353.24,1094.5
2023-03-08,3274.74,1944.91,771.8,1340.0,1098.43
2023-03-09,3282.64,1902.66,771.87,1328.96,1072.03
2023-03-10,3272.36,1900.43,751.97,1321.01,1055.42
2023-03-13,3172.62,1864.37,742.46,1288.29,1038.07
2023-03-14,3208.18,1855.66,740.47,1274.74,1034.18
2023-03-15,3199.55,1829.04,729.84,1274.42,1016.51
2023-03-16,3224.45,1835.33,734.57,1260.46,1011.44
2023-03-17,3209.53,1849.42,744.4,1275.36,1010.17
2023-03-20,3196.26,1848.06,739.24,1260.06,1000.24
2023-03-21,3306.23,1837.66,747.62,1248.43,1031.34
2023-03-22,3206.96,1827.35,745.89,1247.13,1034.48
2023-03-23,3255.94,1797.2,739.9,1233.94,1021.39
2023-03-24,3242.62,1773.19,738.72,1239.41,1001.17
2023-03-27,3221.21,1783.21,741.94,1246.86,1016.73
2023-03-28,3234.82,1825.85,747.97,1236.67,1021.48
2023-03-29,3285.98,1814.86,751.57,1242.02,1015.44
2023-03-31,3260.5,1830.49,761.86,1281.87,1059.22
2023-04-03,3268.83,1812.39,762.34,1266.52,1059.4
2023-04-05,3269.22,1783.89,782.78,1277.92,1056.86
2023-04-06,3291.45,1811.52,788.75,1276.44,1063.94
2023-04-10,3291.98,1816.55,785.01,1281.56,1056.4
2023-04-11,3175.52,1834.37,787.3,1262.3,1061.63
2023-04-12,3103.92,1859.63,797.53,1282.19,1066.31
2023-04-13,3129.55,1899.12,801.1,1247.09,1070.33
2023-04-17,3128.58,1920.03,788.89,1129.58,1075.76
2023-04-18,3107.94,1915.92,785.55,1130.52,1063.44
2023-04-19,3101.5,1926.57,788.44,1106.15,1068.74
2023-04-20,3085.27,1918.97,791.38,1098.25,1066.03
2023-04-21,3055.23,1885.28,792.65,1101.79,1067.38
2023-04-24,3117.34,1893.7,799.07,1100.85,1071.47
2023-04-25,3232.35,1902.7,787.71,1099.59,1079.67
2023-04-26,3294.41,1905.42,791.33,1101.97,1073.33
2023-04-27,3310.86,1877.3,795.68,1118.76,1080.12
2023-04-28,3317.02,1917.71,798.81,1124.6,1099.86
2023-05-02,3340.5,1922.35,798.64,1146.77,1109.2
2023-05-03,3351.62,1920.85,801.43,1139.32,1099.68
2023-05-04,3537.7,1984.69,817.84,1143.27,1112.36
2023-05-05,3609.03,2001.2,769.48,1130.3,1109.52
2023-05-08,3690.31,2023.94,778.38,1136.13,1123.22
2023-05-09,3694.63,2013.05,778.41,1140.71,1126.7
2023-05-10,3702.78,1981.98,782.0,1134.02,1134.44
2023-05-11,3746.45,2003.42,782.52,1127.6,1127.04
2023-05-12,3826.13,1996.55,789.43,1117.82,1128.88
2023-05-15,3741.6,2013.78,793.22,1129.62,1131.1
2023-05-16,3795.02,2002.16,788.67,1134.96,1115.0
2023-05-17,3803.18,2048.53,784.44,1119.34,1108.41
2023-05-18,3782.41,2017.31,787.57,1118.54,1106.02
2023-05-19,3779.74,1992.24,788.48,1139.09,1109.61
2023-05-22,3778.24,2003.96,785.68,1160.55,1115.54
2023-05-23,3797.21,1994.76,783.84,1167.06,1115.34
2023-05-24,3776.73,1984.98,773.59,1165.8,1108.84
2023-05-25,3825.55,1982.03,770.62,1170.92,1108.7
2023-05-26,3886.49,2008.26,773.59,1182.68,1138.94
2023-05-29,3912.11,2024.86,783.02,1179.94,1145.35
2023-05-30,3910.61,2037.4,783.62,1188.42,1145.05
2023-05-31,4004.06,2106.61,771.22,1183.44,1122.31
2023-06-01,3828.17,2126.21,767.94,1184.52,1119.29
2023-06-02,3902.8,2113.48,769.14,1181.79,1115.63
2023-06-05,3913.91,2125.34,768.13,1186.79,1125.65
2023-06-06,3937.83,2126.94,765.74,1163.59,1126.61
2023-06-07,4028.52,2158.44,769.71,1172.64,1135.15
2023-06-08,3990.86,2100.22,770.19,1167.05,1135.83
2023-06-09,4028.62,2067.31,771.1,1151.72,1127.79
2023-06-12,4028.86,2089.23,766.41,1175.37,1128.79
2023-06-13,4192.24,2116.82,767.7,1187.11,1145.46
2023-06-14,4221.4,2114.84,766.87,1183.06,1159.55
2023-06-15,4186.27,2083.38,757.43,1170.69,1159.87
2023-06-16,4208.83,2109.61,767.34,1175.1,1171.16
2023-06-19,4199.86,2122.68,768.01,1177.24,1159.53
2023-06-20,4246.78,2093.54,769.62,1185.79,1161.94
2023-06-21,4237.51,2106.42,783.07,1182.11,1165.21
2023-06-22,4144.39,2092.82,786.9,1165.91,1152.12
2023-06-23,4114.5,2086.86,786.85,1150.86,1142.69
2023-06-26,4158.8,2130.08,783.05,1155.72,1133.97
2023-06-27,4167.68,2129.89,794.08,1163.73,1134.38
2023-06-28,4280.84,2124.95,802.49,1176.65,1149.39
2023-06-30,4292.39,2183.36,814.57,1214.99,1158.82
2023-07-03,4280.99,2176.86,823.38,1213.36,1188.56
2023-07-04,4231.93,2147.48,827.41,1223.77,1176.32
2023-07-05,4260.95,2196.52,801.12,1225.73,1174.39
2023-07-06,4270.22,2178.17,801.93,1222.64,1199.04
2023-07-07,4269.83,2148.89,794.95,1210.17,1196.7
2023-07-10,4240.62,2219.73,793.05,1209.22,1242.79
2023-07-11,4366.39,2228.52,789.2,1226.91,1256.27
2023-07-12,4394.73,2250.61,781.8,1212.99,1257.65
2023-07-13,4277.15,2250.12,785.7,1241.92,1246.41
2023-07-14,4254.35,2308.0,787.33,1297.28,1245.36
2023-07-17,4288.46,2296.1,803.8,1294.55,1270.81
2023-07-18,4358.24,2277.65,803.13,1342.09,1281.6
2023-07-19,4360.81,2262.51,806.77,1341.86,1291.32
2023-07-20,4079.86,2276.88,808.52,1318.71,1289.76
2023-07-21,4101.01,2275.91,802.29,1211.45,1249.83
2023-07-24,4194.42,2290.52,803.56,1216.0,1224.55
2023-07-25,4205.15,2297.56,812.28,1214.18,1223.77
2023-07-26,4268.61,2360.05,809.45,1227.14,1243.66
2023-07-27,4270.17,2378.5,801.05,1231.05,1232.09
2023-07-28,4382.84,2463.47,786.85,1219.54,1244.47
2023-07-31,4418.36,2465.99,790.54,1233.37,1255.0
2023-08-01,4386.19,2489.4,795.83,1242.01,1237.26
2023-08-02,4277.83,2523.19,785.42,1234.42,1224.04
2023-08-03,4243.82,2475.75,779.74,1241.2,1218.89
2023-08-04,4306.99,2501.05,791.02,1253.98,1235.46
2023-08-07,4392.3,2475.95,790.56,1267.31,1242.5
2023-08-08,4344.46,2517.46,789.92,1264.76,1235.02
2023-08-09,4387.45,2513.67,790.21,1268.58,1243.16
2023-08-10,4372.07,2509.06,783.19,1263.76,1248.7
2023-08-11,4392.98,2503.67,775.03,1248.06,1253.97
2023-08-14,4226.11,2516.0,771.25,1267.81,1268.79
2023-08-16,4172.88,2624.72,769.0,1290.51,1267.75
2023-08-17,4186.32,2709.68,764.73,1284.18,1249.47
2023-08-18,4153.13,2768.63,761.6,1263.49,1258.72
2023-08-21,4189.71,2765.62,761.0,1278.59,1244.99
2023-08-22,4196.6,2849.18,757.74,1277.09,1244.69
2023-08-23,4175.55,2816.65,759.61,1280.91,1246.07
2023-08-24,4208.88,2901.76,756.12,1295.15,1225.13
2023-08-25,4124.39,2963.23,747.59,1291.96,1219.47
2023-08-28,4143.44,2944.59,755.37,1287.91,1207.32
2023-08-29,4196.64,2957.31,761.38,1289.73,1195.76
2023-08-30,4222.97,3158.66,755.83,1305.65,1194.62
2023-08-31,4257.56,3067.87,752.36,1305.93,1189.16
2023-09-01,4170.01,3043.25,753.91,1313.57,1191.95
2023-09-04,4187.36,2948.81,758.63,1332.9,1190.99
2023-09-05,4315.14,2973.62,754.01,1345.46,1197.36
2023-09-06,4372.95,3061.12,763.87,1344.14,1199.88
2023-09-07,4322.72,3053.2,771.22,1333.9,1201.51
2023-09-08,4332.38,3093.26,777.23,1336.99,1209.51
2023-09-11,4488.15,3100.35,781.25,1343.23,1222.56
2023-09-12,4277.34,3008.48,783.69,1365.65,1204.89
2023-09-13,4218.26,3029.26,787.05,1363.15,1210.92
2023-09-14,4242.65,3029.12,786.57,1370.97,1212.03
2023-09-15,4255.47,3060.78,795.59,1375.2,1214.28
2023-09-18,4198.05,3078.45,779.94,1357.19,1203.71
2023-09-20,4206.55,3045.97,748.65,1355.78,1176.88
2023-09-21,4155.19,3017.66,743.69,1366.24,1168.31
2023-09-22,4068.52,3036.11,732.35,1361.15,1163.44
2023-09-25,4058.7,3141.47,732.99,1341.13,1156.28
2023-09-26,4086.2,3119.38,736.18,1328.85,1157.29
2023-09-27,4113.56,3224.01,731.01,1334.63,1170.34
2023-09-28,3985.63,3113.55,729.5,1309.57,1153.14
2023-09-29,3982.28,3092.97,730.74,1305.93,1158.53
2023-10-03,3976.16,3034.27,722.0,1304.61,1145.26
2023-10-04,3884.38,3103.07,732.3,1314.02,1143.29
2023-10-05,3952.69,3149.14,735.27,1331.4,1143.26
2023-10-06,4016.14,3101.8,734.45,1345.27,1145.19
2023-10-09,3983.69,3108.46,725.93,1342.32,1135.43
2023-10-10,4074.06,3295.29,730.05,1360.24,1140.45
2023-10-11,4066.96,3301.6,737.11,1359.56,1158.55
2023-10-12,4096.75,3315.0,742.02,1333.26,1160.7
2023-10-13,4109.52,3281.06,735.27,1302.01,1160.65
2023-10-16,4160.3,3268.29,732.32,1304.74,1158.06
2023-10-17,4162.38,3243.39,737.88,1312.29,1163.59
2023-10-18,3982.33,3202.36,727.61,1310.57,1148.15
2023-10-19,3978.3,3219.69,725.31,1304.29,1139.34
2023-10-20,3901.68,3143.17,729.07,1298.47,1135.85
2023-10-23,3831.13,3043.54,721.05,1281.54,1118.12
2023-10-25,3819.28,3017.08,716.48,1262.56,1115.52
2023-10-26,3846.24,3042.91,700.63,1252.79,1099.98
2023-10-27,3895.07,3055.29,703.38,1272.05,1119.4
2023-10-30,3955.02,3072.72,711.02,1269.01,1142.47
2023-10-31,3993.02,3041.89,706.9,1261.04,1130.32
2023-11-01,3940.25,2969.84,705.94,1247.91,1135.01
2023-11-02,3961.58,2966.44,707.02,1262.65,1146.28
2023-11-03,4049.57,2987.46,710.37,1280.07,1146.03
2023-11-06,4084.75,2990.71,715.52,1293.2,1155.56
2023-11-07,4089.7,3034.99,712.05,1294.12,1148.06
2023-11-08,4154.56,3055.29,714.11,1281.87,1154.03
2023-11-09,4188.52,3003.58,711.28,1266.94,1141.51
2023-11-10,4119.34,3075.29,714.08,1261.45,1143.66
2023-11-13,4142.12,3046.89,712.79,1265.79,1143.51
2023-11-15,4138.29,3048.06,720.26,1299.84,1164.19
2023-11-16,4112.97,3094.57,722.15,1331.54,1166.29
2023-11-17,4163.79,3145.55,720.59,1324.76,1163.74
2023-11-20,4223.99,3127.05,720.64,1323.89,1160.68
2023-11-21,4222.34,3167.25,726.74,1326.1,1175.28
2023-11-22,4114.58,3114.04,724.16,1343.43,1179.87
2023-11-23,4139.99,3129.14,728.35,1335.55,1183.48
2023-11-24,4141.74,3136.03,733.52,1324.63,1182.69
2023-11-28,4134.84,3103.75,731.87,1329.51,1182.93
2023-11-29,4123.95,3081.51,746.47,1345.08,1186.05
2023-11-30,4294.68,3059.17,746.3,1340.98,1174.56
2023-12-01,4263.1,3112.49,744.67,1338.36,1182.89
2023-12-04,4499.71,3120.55,770.53,1349.46,1195.68
2023-12-05,4709.45,3109.91,777.37,1339.88,1204.35
2023-12-06,4604.31,3131.71,779.34,1358.63,1215.89
2023-12-07,4610.53,3160.51,780.61,1350.89,1213.89
2023-12-08,4612.48,3054.32,791.5,1374.16,1213.24
2023-12-11,4651.4,3078.89,790.44,1371.72,1215.02
2023-12-12,4587.7,3032.62,782.59,1360.24,1197.58
2023-12-13,4632.45,3035.77,780.82,1335.32,1202.47
2023-12-14,4656.79,3054.12,790.04,1383.65,1217.39
2023-12-15,4698.28,3039.66,793.1,1454.56,1232.93
2023-12-18,4750.07,3043.93,792.69,1441.62,1245.48
2023-12-19,4702.02,3009.31,791.35,1436.04,1263.81
2023-12-20,4483.78,2894.67,793.32,1415.86,1248.52
2023-12-21,4551.94,2898.51,807.54,1415.49,1266.01
2023-12-22,4624.33,2881.08,799.95,1440.28,1267.24
2023-12-26,4636.33,2890.6,805.5,1422.82,1273.67
2023-12-27,4599.65,2871.17,815.48,1444.15,1278.01
2023-12-28,4511.57,2873.7,816.42,1440.05,1287.25
2023-12-29,4542.56,2896.81,818.33,1421.85,1277.07
2024-01-01,4549.71,2880.55,812.99,1429.64,1279.69
2024-01-02,4568.56,2804.12,813.47,1414.02,1290.29
2024-01-03,4640.41,2786.84,800.93,1373.1,1276.26
2024-01-04,4688.22,2775.77,809.52,1394.02,1282.85
2024-01-05,4695.61,2723.72,805.38,1412.31,1288.31
2024-01-08,4618.45,2771.59,796.41,1403.33,1278.26
2024-01-09,4781.17,2741.73,790.21,1409.32,1274.88
2024-01-10,4796.03,2752.99,792.81,1400.65,1309.26
2024-01-11,4733.99,2780.04,789.49,1376.97,1343.7
2024-01-12,4648.58,2793.15,785.75,1486.22,1354.39
2024-01-15,4618.4,2817.52,800.88,1522.48,1377.51
2024-01-16,4673.21,2872.29,803.92,1503.54,1358.25
2024-01-17,4637.98,2816.7,736.1,1511.52,1345.35
2024-01-18,4577.06,2823.69,711.52,1513.73,1351.65
2024-01-19,4684.04,2893.7,704.1,1529.02,1351.16
2024-01-23,4635.56,2754.74,683.37,1513.31,1312.74
2024-01-24,4597.37,2822.28,697.04,1543.95,1327.86
2024-01-25,4605.19,2860.1,686.98,1538.15,1336.95
2024-01-29,4655.96,2935.75,696.44,1526.63,1430.8
2024-01-30,4595.91,2930.94,691.48,1521.88,1390.85
2024-01-31,4539.41,2896.96,700.22,1530.59,1409.63
2024-02-01,4417.41,2798.59,702.04,1527.04,1409.65
2024-02-02,4353.67,2859.38,692.37,1560.5,1440.33
2024-02-05,4244.59,2882.0,691.75,1554.83,1421.88
2024-02-06,4278.41,2863.07,691.39,1593.76,1410.79
2024-02-07,4445.64,2845.63,684.61,1560.86,1424.97
2024-02-08,4324.47,2847.87,671.73,1559.34,1432.85
2024-02-09,4362.41,2726.05,672.0,1538.38,1443.34
2024-02-12,4303.09,2734.45,665.49,1548.28,1435.04
2024-02-13,4338.51,2705.9,667.62,1552.39,1447.64
2024-02-14,4429.41,2728.47,662.64,1535.48,1463.72
2024-02-15,4342.15,2820.58,677.0,1544.83,1453.08
2024-02-16,4396.13,2842.33,679.8,1568.14,1443.17
2024-02-19,4361.83,2875.2,678.46,1566.39,1456.44
2024-02-20,4396.47,2843.16,696.27,1553.03,1453.5
2024-02-21,4843.65,2829.85,689.02,1525.66,1450.21
2024-02-22,5271.49,2840.78,679.63,1549.44,1464.09
2024-02-23,5239.47,2826.8,680.14,1545.29,1475.83
2024-02-26,5146.33,2807.23,680.95,1529.9,1469.6
2024-02-27,5296.27,2772.95,679.92,1533.08,1467.95
2024-02-28,5274.98,2743.48,674.77,1540.13,1438.28
2024-02-29,5290.87,2773.82,671.9,1542.57,1443.39
2024-03-01,5334.5,2814.71,685.0,1524.88,1474.35
2024-03-04,5472.19,2834.42,685.93,1508.75,1489.44
2024-03-05,5520.1,2782.86,689.83,1480.46,1482.32
2024-03-06,5539.38,2759.89,690.67,1490.64,1485.09
2024-03-07,5607.45,2767.46,692.35,1489.63,1461.3
2024-03-11,5676.05,2756.0,683.58,1475.02,1449.12
2024-03-12,5556.19,2734.88,698.78,1486.4,1457.84
2024-03-13,5438.86,2634.43,699.19,1484.97,1415.11
2024-03-14,5466.22,2666.76,696.82,1523.59,1414.42
2024-03-15,5457.62,2624.38,695.48,1505.8,1401.33
2024-03-18,5603.57,2623.26,692.32,1476.91,1422.32
2024-03-19,5469.33,2635.06,693.9,1438.94,1408.27
2024-03-20,5571.45,2660.84,685.14,1432.95,1426.55
2024-03-21,5698.94,2683.22,692.18,1432.72,1433.69
2024-03-22,5798.54,2671.08,690.79,1390.47,1437.69
2024-03-26,5762.0,2671.67,682.43,1375.54,1424.4
2024-03-27,6101.66,2717.74,689.76,1367.43,1475.06
2024-03-28,6180.85,2696.96,693.21,1380.52,1468.15
2024-04-01,6320.58,2775.82,704.03,1378.12,1467.08
2024-04-02,6247.9,2791.5,708.65,1366.51,1469.23
2024-04-03,6320.0,2919.34,709.68,1364.48,1454.07
2024-04-04,6317.82,2932.89,731.36,1370.06,1445.49
2024-04-05,6481.11,2911.62,741.87,1363.05,1442.7
2024-04-08,6510.16,2983.38,740.46,1360.84,1468.27
2024-04-09,6345.02,2934.68,741.39,1377.57,1446.21
2024-04-10,6453.61,2943.33,735.55,1388.58,1461.94
2024-04-12,6561.86,2936.48,727.22,1368.26,1449.67
2024-04-15,6375.39,2912.49,715.61,1352.96,1447.37
2024-04-16,6456.82,2974.54,722.58,1303.48,1448.28
2024-04-18,6189.26,2930.94,715.61,1307.9,1446.88
2024-04-19,6114.54,3016.84,733.14,1300.53,1452.61
2024-04-22,6340.65,3083.55,723.99,1320.34,1462.22
2024-04-23,6128.97,3119.62,721.79,1329.23,1441.94
2024-04-24,6164.33,3156.62,723.75,1318.5,1432.9
2024-04-25,6249.7,3156.62,723.3,1325.59,1442.58
2024-04-26,6229.05,3196.48,722.84,1318.04,1435.24
2024-04-29,6269.33,3192.26,732.27,1322.18,1447.57
2024-04-30,6355.66,3261.4,727.77,1309.1,1449.52
2024-05-02,6493.4,3379.14,733.59,1303.48,1449.08
2024-05-03,6532.26,3383.76,727.53,1305.18,1416.91
2024-05-06,6768.06,3373.61,728.99,1314.03,1402.61
2024-05-07,6717.45,3341.17,721.1,1327.9,1384.78
2024-05-08,7008.34,3436.05,709.84,1315.32,1401.65
2024-05-09,6811.7,3345.69,693.02,1326.61,1377.51
2024-05-10,7000.15,3450.52,697.82,1313.11,1390.65
2024-05-13,7786.05,3495.62,706.24,1311.77,1385.99
2024-05-14,7880.25,3548.35,709.01,1312.92,1403.15
2024-05-15,7883.61,3544.13,698.11,1308.55,1399.4
2024-05-16,8098.98,3640.12,708.67,1339.32,1408.37
2024-05-17,8163.54,3690.62,710.53,1330.98,1418.59
2024-05-21,8337.07,3774.95,707.96,1321.63,1419.01
2024-05-22,8204.35,3723.73,708.16,1340.66,1443.25
2024-05-23,8214.44,3700.81,724.37,1356.88,1468.34
2024-05-24,8213.12,3702.85,736.3,1350.15,1462.61
2024-05-27,8189.87,3743.49,741.4,1355.91,1448.78
2024-05-28,8029.26,3735.43,742.76,1351.95,1438.85
2024-05-29,7994.83,3741.94,731.99,1337.11,1423.61
2024-05-30,8059.49,3736.89,735.16,1315.46,1407.87
2024-05-31,8111.46,3707.85,743.27,1322.46,1413.36
2024-06-03,8511.33,3777.82,763.0,1321.52,1492.33
2024-06-04,7476.43,3692.51,719.78,1310.01,1380.63
2024-06-05,7618.76,3795.88,753.1,1344.27,1403.82
2024-06-06,7789.22,3894.98,756.93,1383.89,1414.54
2024-06-07,7872.84,3872.79,763.55,1441.56,1452.43
2024-06-10,7861.82,3934.69,757.71,1409.74,1453.87
2024-06-11,7894.29,4006.99,759.41,1405.98,1439.32
2024-06-12,8075.43,4003.35,763.94,1396.06,1445.89
2024-06-13,8236.92,4124.78,767.15,1404.29,1447.79
2024-06-14,8796.08,4167.95,774.98,1399.54,1459.94
2024-06-18,8646.88,4177.66,780.27,1408.28,1463.38
2024-06-19,8331.9,4094.1,804.56,1420.64,1441.27
2024-06-20,8327.32,4067.49,810.14,1424.45,1456.14
2024-06-21,8190.89,4209.12,808.4,1440.71,1436.87
2024-06-24,8255.16,4126.72,811.62,1435.49,1424.3
2024-06-25,8191.14,4077.25,830.53,1449.4,1436.82
2024-06-26,8182.55,4127.99,825.75,1448.23,1495.98
2024-06-27,8428.49,4026.07,823.15,1478.92,1512.31
2024-06-28,8280.12,4026.56,817.16,1472.72,1546.75
2024-07-01,8374.22,4021.95,827.54,1495.32,1541.56
2024-07-02,8302.84,4006.6,839.87,1523.76,1546.53
2024-07-03,8403.92,3998.25,858.33,1529.73,1533.93
2024-07-04,8499.44,3987.04,838.19,1551.58,1535.51
2024-07-05,8463.94,4028.93,799.83,1548.57,1569.7
2024-07-08,8347.07,4003.86,793.64,1561.92,1581.82
2024-07-09,8377.73,4059.65,794.2,1557.69,1571.33
2024-07-10,8330.78,3951.34,789.15,1549.32,1565.35
2024-07-11,8247.99,3890.04,787.12,1553.51,1561.82
2024-07-12,8005.46,3819.08,787.5,1609.01,1577.7
2024-07-15,8046.32,3879.99,787.21,1604.6,1578.19
2024-07-16,8027.94,3926.37,786.07,1622.45,1557.47
2024-07-18,7697.21,3894.62,783.67,1652.53,1567.77
2024-07-19,7431.33,3825.61,780.03,1685.34,1536.62
2024-07-22,7525.38,3915.98,797.14,1702.17,1482.79
2024-07-23,7316.79,4019.27,785.42,1726.65,1470.17
2024-07-24,7335.86,4043.61,778.45,1723.88,1477.88
2024-07-25,7434.54,3956.85,784.54,1715.32,1474.62
2024-07-26,7656.35,4043.36,785.3,1766.13,1491.04
2024-07-29,7776.34,4043.41,778.94,1758.8,1501.99
2024-07-30,7648.74,4054.43,784.03,1764.49,1495.12
2024-07-31,7700.82,4070.52,784.13,1756.12,1487.49
2024-08-01,7576.92,4047.7,795.32,1741.41,1497.24
2024-08-02,7390.66,3808.94,805.19,1711.89,1481.46
2024-08-05,7280.37,3670.78,784.13,1646.75,1430.08
2024-08-06,7280.37,3607.09,777.07,1646.0,1438.7
2024-08-07,7675.02,3643.81,787.89,1684.12,1447.37
2024-08-08,7745.14,3598.55,797.21,1638.53,1431.86
2024-08-09,7774.2,3596.9,800.85,1664.47,1456.73
2024-08-12,7484.18,3622.79,805.65,1689.52,1443.22
2024-08-13,7357.51,3612.79,778.04,1689.57,1446.19
2024-08-14,7564.39,3569.29,780.27,1713.82,1444.43
2024-08-16,7714.81,3640.01,792.07,1747.38,1460.59
2024-08-19,7628.41,3636.88,791.8,1752.88,1475.66
2024-08-20,7607.1,3656.68,794.78,1759.83,1483.14
2024-08-21,7724.9,3694.14,789.01,1760.3,1485.84
2024-08-22,7664.44,3716.13,791.68,1767.4,1485.3
2024-08-23,7612.55,3780.41,788.64,1750.34,1487.13
2024-08-26,7607.33,3783.28,795.88,1763.55,1499.65
2024-08-27,7721.14,3770.6,794.81,1786.06,1487.6
2024-08-28,7751.85,3759.73,794.49,1822.72,1485.47
2024-08-29,7691.4,3722.42,795.2,1817.31,1507.9
2024-08-30,7749.55,3758.9,794.4,1827.04,1496.7
2024-09-02,7518.32,3690.77,789.57,1846.59,1503.27
2024-09-03,7585.36,3700.33,794.61,1824.74,1496.2
2024-09-04,7459.53,3684.87,796.77,1807.07,1501.58
2024-09-05,7470.32,3651.81,798.55,1817.12,1480.19
2024-09-06,7339.77,3596.11,794.42,1787.7,1452.28
2024-09-09,7422.28,3593.58,799.05,1780.94,1449.93
2024-09-10,7358.61,3650.2,800.92,1797.53,1449.01
2024-09-11,7391.08,3668.83,797.79,1795.51,1439.07
2024-09-12,7538.78,3697.8,808.81,1833.39,1467.13
2024-09-13,7503.82,3718.57,808.49,1827.42,1460.02
2024-09-16,7582.72,3753.24,810.92,1833.2,1458.75
2024-09-17,7688.62,3790.94,809.88,1835.36,1459.69
2024-09-18,7602.3,3704.62,822.49,1778.59,1450.92
2024-09-19,7326.39,3722.67,829.14,1780.51,1457.09
2024-09-20,7514.9,3978.7,845.01,1791.37,1473.2
2024-09-23,7753.07,4129.53,854.04,1782.63,1480.59
2024-09-24,7888.36,4242.09,858.04,1784.65,1476.62
2024-09-25,7986.16,4266.86,863.41,1781.55,1481.16
2024-09-26,7880.75,4244.09,865.52,1786.2,1485.12
2024-09-27,7942.32,4221.31,850.57,1792.31,1513.11
2024-09-30,7865.71,4163.57,840.57,1763.03,1463.93
2024-10-01,8073.8,4105.44,837.73,1790.05,1452.28
2024-10-03,7919.71,4049.7,816.28,1779.76,1394.93
2024-10-04,7744.04,3916.66,804.47,1803.03,1374.65
2024-10-07,7575.98,3754.46,785.13,1818.21,1358.99
2024-10-08,7963.02,3760.36,801.26,1831.6,1385.39
2024-10-09,8259.29,3945.39,792.58,1835.55,1362.83
2024-10-10,8310.31,3875.85,806.77,1803.82,1359.31
2024-10-11,8352.69,3840.88,801.24,1818.96,1360.35
2024-10-14,8369.09,3867.95,819.24,1841.33,1360.77
2024-10-15,8445.07,3835.08,817.3,1841.71,1332.52
2024-10-16,8563.27,3783.04,824.92,1804.86,1342.48
2024-10-17,8486.47,3695.6,811.99,1849.98,1344.81
2024-10-18,8576.6,3721.35,816.21,1766.79,1347.66
2024-10-21,8085.13,3651.12,838.95,1741.55,1357.48
2024-10-22,7985.38,3581.19,832.08,1740.47,1331.85
2024-10-23,7522.76,3609.96,842.39,1760.96,1327.06
2024-10-24,7468.37,3408.41,849.11,1751.51,1328.33
2024-10-25,7344.89,3414.11,846.08,1750.29,1316.48
2024-10-28,7166.49,3419.72,841.62,1753.39,1322.93
2024-10-29,7316.43,3454.2,850.18,1748.59,1328.53
2024-10-30,7252.37,3544.18,841.81,1713.23,1332.39
2024-10-31,7254.86,3652.78,842.34,1670.59,1320.65
2024-11-01,7255.79,3702.53,843.12,1674.01,1327.19
2024-11-04,7187.87,3646.93,831.86,1676.67,1291.0
2024-11-05,6965.23,3614.7,853.09,1667.69,1294.12
2024-11-06,6995.7,3658.93,851.83,1733.76,1314.0
2024-11-07,6835.26,3553.83,847.61,1714.13,1294.47
2024-11-08,6879.88,3545.88,851.44,1739.7,1272.76
2024-11-11,7067.71,3531.64,857.19,1768.37,1261.8
2024-11-12,6800.59,3471.71,833.85,1776.64,1263.34
2024-11-13,6642.15,3409.09,815.97,1776.26,1241.33
2024-11-14,6523.17,3416.89,821.5,1772.6,1256.75
2024-11-18,6470.19,3356.52,827.49,1722.12,1249.96
2024-11-19,6544.11,3408.02,845.52,1734.76,1231.02
2024-11-21,6601.92,3369.25,845.01,1743.6,1212.53
2024-11-22,6742.39,3423.87,847.15,1808.44,1254.57
2024-11-25,7089.24,3526.38,866.56,1796.51,1275.98
2024-11-26,7157.45,3529.45,866.54,1829.26,1284.61
2024-11-27,7320.04,3511.89,879.52,1829.59,1282.13
2024-11-28,7221.07,3426.75,870.22,1765.09,1259.92
2024-11-29,7246.85,3466.3,871.63,1766.23,1281.14
2024-12-02,7314.72,3440.89,875.83,1787.1,1297.94
2024-12-03,7360.42,3430.35,886.31,1798.79,1311.97
2024-12-04,7484.09,3366.18,902.72,1796.08,1297.74
2024-12-05,7312.42,3353.25,905.46,1839.43,1310.73
2024-12-06,7374.92,3437.91,900.65,1827.6,1300.32
2024-12-09,7391.86,3458.98,907.52,1828.78,1284.06
2024-12-10,7512.46,3425.53,906.6,1852.46,1273.85
2024-12-11,7547.13,3408.26,904.17,1876.79,1267.26
2024-12-12,7477.11,3353.69,902.3,1889.01,1252.09
2024-12-13,7522.22,3355.25,908.37,1901.08,1261.95
2024-12-16,7704.93,3347.79,905.19,1882.4,1257.44
2024-12-17,7633.74,3261.81,889.69,1879.12,1234.64
2024-12-18,7477.21,3278.0,878.74,1881.55,1242.52
2024-12-19,7179.13,3202.95,870.39,1850.22,1219.91
2024-12-20,6758.6,3084.11,859.72,1827.36,1194.98
2024-12-23,6795.66,3066.11,874.03,1829.4,1211.83
2024-12-24,6716.56,3078.35,872.63,1814.9,1212.28
2024-12-26,6782.09,3073.43,869.06,1813.33,1206.13
2024-12-27,6686.0,3178.08,872.7,1822.22,1210.6
2024-12-30,6544.46,3185.64,862.82,1812.0,1200.33
2024-12-31,6749.81,3250.4,860.37,1787.29,1205.04
2025-01-01,6765.63,3218.12,865.18,1789.66,1210.79
2025-01-02,6729.75,3269.42,870.52,1861.3,1231.17
2025-01-03,6640.35,3288.78,848.9,1843.14,1240.44
2025-01-06,6464.72,3253.67,830.11,1842.28,1207.57
2025-01-07,6548.61,3255.67,831.52,1835.63,1230.23
2025-01-08,6500.56,3258.21,822.25,1837.81,1254.66
2025-01-09,6330.11,3306.05,809.39,1822.75,1244.01
2025-01-10,6264.88,3321.94,804.03,1869.95,1231.27
2025-01-13,5965.68,3216.8,791.46,1865.43,1229.23
2025-01-14,6002.16,3354.23,799.1,1844.37,1228.14
2025-01-15,6048.2,3393.0,797.38,1853.5,1241.48
2025-01-16,6160.01,3466.64,801.75,1833.35,1255.61
2025-01-17,6374.1,3511.94,794.32,1725.92,1291.2
2025-01-20,6371.91,3487.27,801.36,1723.88,1294.27
2025-01-21,6133.59,3485.56,797.06,1711.9,1262.79
2025-01-22,6132.08,3482.73,808.54,1764.9,1266.17
2025-01-23,6181.49,3499.95,807.98,1773.45,1252.83
2025-01-24,6033.7,3380.86,800.66,1782.96,1235.63
2025-01-27,5940.34,3284.2,790.95,1732.15,1218.82
2025-01-28,5857.98,3397.73,810.65,1739.51,1223.83
2025-01-29,5967.25,3446.84,814.0,1788.47,1224.92
2025-01-30,5584.95,3502.43,820.89,1768.22,1242.32
2025-01-31,5736.6,3534.13,824.41,1787.1,1254.27
2025-02-01,5370.26,3365.1,820.63,1760.05,1253.77
2025-02-03,5075.21,3246.6,814.34,1771.41,1235.23
2025-02-04,5497.26,3219.48,835.16,1805.16,1274.2
2025-02-05,5609.94,3244.06,843.36,1803.5,1267.26
2025-02-06,5547.89,3194.66,846.3,1821.18,1270.58
2025-02-07,5552.14,3189.1,840.91,1809.77,1255.85
2025-02-10,5449.36,3221.68,832.66,1787.57,1242.92
2025-02-11,5309.08,3052.55,825.7,1783.15,1224.28
2025-02-12,5321.49,2948.48,828.32,1771.27,1206.13
2025-02-13,5314.85,2947.85,823.9,1752.35,1205.69
2025-02-14,5140.05,2885.51,822.52,1764.85,1206.83
2025-02-17,5118.72,2908.51,833.44,1751.45,1214.41
2025-02-18,5021.21,2931.6,836.2,1760.62,1214.91
2025-02-19,5003.44,2955.43,838.22,1721.5,1216.94
2025-02-20,5219.05,3044.09,818.76,1735.14,1222.44
2025-02-21,5167.05,3000.94,821.38,1725.49,1217.63
2025-02-24,5263.29,2882.87,813.9,1677.1,1204.15
2025-02-25,5177.21,2878.86,816.45,1680.52,1193.69
2025-02-27,5023.8,2861.78,825.36,1677.29,1196.76
2025-02-28,4819.42,2807.52,840.74,1604.47,1189.82
2025-03-03,4968.73,2884.29,825.77,1624.34,1161.22
2025-03-04,5069.4,2896.03,829.87,1605.04,1151.95
2025-03-05,5187.46,2968.11,820.17,1627.1,1165.53
2025-03-06,5243.81,3016.06,820.75,1631.23,1199.24
2025-03-07,5201.38,2946.63,819.8,1602.85,1239.1
2025-03-10,5039.03,2868.97,818.95,1617.54,1227.8
2025-03-11,5008.76,2828.31,817.98,1579.66,1236.62
2025-03-12,5018.92,2860.66,830.43,1512.4,1246.29
2025-03-13,4998.27,2846.22,828.22,1501.94,1237.22
2025-03-17,5065.74,2898.33,830.07,1511.64,1228.24
2025-03-18,5065.74,2898.33,830.07,1511.64,1228.24
2025-03-19,5346.92,3120.57,846.42,1508.31,1236.47
2025-03-20,5332.37,3132.56,858.38,1535.88,1258.28
2025-03-21,5329.25,3159.17,859.16,1514.01,1265.42
2025-03-24,5402.19,3202.09,873.55,1514.2,1290.95
2025-03-25,5286.92,3143.66,883.96,1548.14,1274.44
2025-03-26,5393.89,3165.68,876.73,1520.57,1262.15
2025-03-27,5410.15,3184.52,885.85,1524.47,1267.26
2025-03-28,5415.91,3180.46,887.23,1493.19,1264.18
2025-04-01,5272.27,3149.88,857.95,1451.22,1241.88
2025-04-02,5188.29,3159.27,872.04,1473.7,1240.44
2025-04-03,5202.11,3205.85,871.05,1422.7,1238.01
2025-04-04,4976.15,3093.46,881.94,1380.06,1194.39
2025-04-07,4846.91,2985.43,853.02,1327.87,1155.72
2025-04-08,4945.39,3009.5,858.58,1358.34,1172.08
2025-04-09,4917.85,3061.76,856.56,1334.48,1175.2
2025-04-11,5022.43,3110.15,876.82,1339.94,1208.51
2025-04-15,5123.21,3203.9,905.05,1355.68,1229.48
2025-04-16,5253.08,3162.7,911.4,1343.41,1228.69
2025-04-17,5440.57,3195.28,925.33,1349.5,1263.59
2025-04-21,5496.72,3297.06,935.23,1379.44,1284.41
2025-04-22,5548.96,3285.8,952.02,1352.63,1280.14
2025-04-23,5578.75,3372.6,933.68,1402.16,1288.87
2025-04-24,5554.82,3315.75,930.23,1398.84,1290.46
2025-04-25,5369.77,3262.32,927.51,1407.2,1289.27
2025-04-28,5405.9,3287.47,931.88,1409.01,1357.08
2025-04-29,5452.29,3271.91,926.35,1423.65,1387.72
2025-04-30,5392.72,3189.22,934.21,1426.12,1392.97
2025-05-02,5345.56,3149.49,932.71,1432.59,1407.64
2025-05-05,5391.25,3177.77,939.94,1434.2,1419.05
2025-05-06,5240.44,3129.43,937.46,1436.96,1408.73
2025-05-07,5302.83,3135.4,944.21,1433.92,1393.96
2025-05-08,5194.76,3126.78,935.91,1436.86,1394.95
2025-05-09,5345.07,3063.37,917.08,1433.25,1365.41
2025-05-12,5489.0,3340.02,949.84,1546.67,1424.2
2025-05-13,5537.63,3426.62,933.05,1491.24,1403.58
2025-05-14,5536.16,3449.82,927.22,1513.87,1412.2
2025-05-15,5634.41,3467.53,938.48,1533.45,1441.75
2025-05-16,5717.92,3475.45,938.92,1511.49,1443.93
2025-05-19,5735.6,3457.15,940.86,1482.88,1428.46
2025-05-20,5637.85,3434.45,929.31,1483.64,1412.4
2025-05-21,5783.25,3439.15,935.09,1491.15,1416.96
2025-05-22,5820.09,3429.66,931.74,1471.18,1397.33
2025-05-23,5856.44,3435.43,938.39,1487.63,1414.58
2025-05-26,5891.32,3428.29,941.59,1502.56,1422.52
2025-05-27,5909.0,3456.57,934.84,1492.67,1409.92
2025-05-28,5909.5,3300.78,933.48,1494.29,1400.8
2025-05-29,5937.5,3231.49,935.43,1507.4,1405.66
2025-05-30,5866.27,3250.57,943.87,1506.54,1408.73
2025-06-02,5869.71,3311.15,937.66,1497.96,1401.6
2025-06-03,5889.85,3212.41,934.02,1487.55,1393.47
2025-06-04,5935.53,3179.63,942.07,1495.45,1411.31
2025-06-05,5925.71,3242.45,946.15,1498.44,1430.05
2025-06-06,5945.36,3222.69,960.27,1507.6,1431.14
2025-06-09,6105.99,3217.79,960.37,1516.37,1436.4
2025-06-10,6059.81,3188.34,953.77,1538.64,1426.18
2025-06-11,5970.41,3143.91,946.54,1572.48,1436.49
2025-06-12,5915.39,3099.19,943.14,1550.79,1429.26
2025-06-13,5893.78,3063.18,930.62,1544.42,1415.67
2025-06-16,5908.51,3082.16,939.26,1565.44,1425.49
2025-06-17,5928.65,3086.27,936.44,1580.96,1418.95
2025-06-18,5937.99,3200.18,938.53,1574.21,1417.86
2025-06-19,5766.06,3182.56,939.21,1560.24,1421.03
2025-06-20,5863.81,3159.27,953.48,1564.57,1453.65
2025-06-23,5819.6,3252.14,945.57,1527.07,1444.33
2025-06-24,5898.2,3228.95,951.63,1524.76,1438.38
2025-06-25,5861.85,3233.84,961.0,1556.86,1454.74
2025-06-26,5907.04,3286.1,981.19,1557.92,1482.5
2025-06-27,5963.04,3270.05,988.6,1550.21,1502.43
2025-06-30,5973.85,3263.2,982.02,1544.23,1487.75
2025-07-01,5845.15,3248.52,987.22,1549.05,1515.31
2025-07-02,5802.41,3280.62,974.42,1552.62,1505.8
2025-07-03,5768.51,3294.02,974.96,1560.52,1504.8
2025-07-04,5759.18,3273.86,976.04,1581.73,1514.22
2025-07-07,5741.5,3287.83,975.11,1568.53,1528.3
2025-07-08,5737.56,3333.18,981.97,1579.81,1524.43
2025-07-09,5794.55,3323.83,986.78,1574.99,1505.99
2025-07-10,5790.13,3270.61,984.33,1557.73,1504.21
2025-07-11,5655.53,3247.0,973.29,1537.58,1482.4
2025-07-14,5548.44,3211.68,972.95,1513.86,1471.0
2025-07-15,5509.63,3303.17,979.08,1528.61,1472.68
2025-07-16,5453.63,3302.78,979.47,1550.11,1472.88
2025-07-17,5538.62,3355.81,974.86,1526.59,1463.76
2025-07-18,5547.46,3360.04,960.39,1529.1,1463.36
2025-07-21,5733.64,3371.65,981.53,1527.36,1416.37
2025-07-22,5654.06,3387.98,984.77,1514.44,1400.7
2025-07-23,5610.83,3422.61,993.21,1517.91,1412.4
2025-07-24,5599.04,3389.65,988.25,1496.7,1390.89
2025-07-25,5544.02,3356.6,985.99,1461.23,1379.78
2025-07-28,5448.23,3354.33,987.91,1461.52,1375.72
2025-07-29,5481.14,3433.44,994.35,1459.3,1404.97
2025-07-30,5456.58,3374.21,996.42,1464.41,1398.03
2025-07-31,5413.35,3304.94,992.68,1454.77,1378.3
2025-08-01,5293.0,3236.37,989.73,1416.78,1381.77
2025-08-04,5003.18,3339.28,979.79,1427.29,1399.41
2025-08-05,4994.83,3357.58,972.71,1407.82,1379.78
2025-08-06,5007.6,3331.12,976.5,1385.07,1380.87
2025-08-07,5028.72,3298.84,981.47,1385.26,1377.5
2025-08-08,4943.35,3297.57,970.89,1371.95,1356.09
2025-08-11,4967.96,3313.11,981.57,1376.87,1374.33
2025-08-12,4992.07,3325.02,968.92,1372.92,1368.58
2025-08-13,5007.33,3320.0,974.04,1375.33,1370.76
2025-08-14,4951.22,3345.58,979.35,1395.67,1367.48
2025-08-18,4958.61,3565.27,985.5,1384.2,1375.34
2025-08-19,4988.63,3541.66,979.35,1388.25,1413.56
2025-08-20,5041.29,3565.96,977.93,1442.43,1406.5
2025-08-21,5060.98,3518.05,979.4,1442.62,1418.24
2025-08-22,4983.71,3511.95,966.32,1434.04,1402.71
2025-08-25,5020.62,3511.16,966.07,1477.04,1406.1
2025-08-26,4943.35,3493.84,957.56,1474.63,1378.53
2025-08-28,4922.19,3419.07,942.22,1446.19,1379.52
2025-08-29,4920.71,3510.18,936.12,1416.78,1350.95
2025-09-01,5047.1,3585.15,935.13,1445.51,1347.67
2025-09-02,5067.57,3591.44,929.13,1444.84,1360.21
2025-09-03,5107.14,3618.1,938.92,1425.94,1366.28
2025-09-04,5081.94,3574.62,945.61,1410.42,1353.04
2025-09-05,5037.25,3630.89,947.73,1392.68,1368.67
2025-09-08,5028.3,3711.37,950.28,1381.4,1372.16
2025-09-09,5051.53,3706.35,949.45,1450.24,1369.87
2025-09-10,5081.06,3618.3,950.18,1477.52,1370.66
2025-09-11,5136.38,3638.47,952.05,1455.44,1376.93
2025-09-12,5166.4,3629.52,951.56,1470.77,1388.58
2025-09-15,5255.19,3584.16,951.32,1454.19,1392.86
2025-09-16,5265.23,3611.81,951.12,1456.98,1398.83
2025-09-17,5301.45,3602.46,950.77,1467.69,1407.29
2025-09-18,5350.87,3733.41,961.01,1485.23,1408.49
2025-09-19,5351.75,3628.53,951.17,1484.85,1400.92
2025-09-22,5278.81,3597.74,948.51,1445.61,1384.2
2025-09-23,5215.72,3678.71,941.63,1443.68,1383.4
2025-09-24,5155.28,3639.16,935.58,1440.88,1376.64
2025-09-25,5119.25,3544.61,934.4,1431.44,1366.08
2025-09-26,5092.38,3486.46,929.67,1396.83,1371.26
2025-09-29,5126.24,3408.05,934.84,1389.98,1366.48
2025-09-30,5102.12,3390.93,935.53,1389.98,1357.72
2025-10-01,5117.58,3578.95,949.55,1393.84,1362.4
2025-10-03,5102.32,3511.85,949.45,1394.61,1357.13
2025-10-06,5136.28,3480.07,957.61,1422.95,1368.67
2025-10-07,5137.76,3468.26,966.51,1406.08,1378.43
2025-10-08,5048.18,3568.62,962.78,1441.27,1361.11
2025-10-09,5065.9,3569.6,961.2,1455.06,1371.46
2025-10-10,5104.78,3579.34,964.94,1460.45,1375.34
2025-10-13,5066.88,3519.72,961.1,1439.53,1368.67
2025-10-14,5039.32,3555.43,961.25,1436.35,1369.57
2025-10-15,5092.48,3623.12,962.33,1421.41,1367.98
2025-10-16,5130.37,3721.31,978.17,1418.61,1391.86
2025-10-17,5120.53,3637.68,986.24,1389.31,1410.28
2025-10-20,5149.57,3634.83,986.63,1408.4,1460.05
2025-10-21,5157.94,3643.88,991.3,1419.48,1458.46
2025-10-23,5100.35,3617.32,992.39,1473.57,1441.73
2025-10-24,5099.86,3606.2,978.57,1470.58,1444.92
2025-10-27,5155.97,3600.69,986.63,1472.63,1477.27
2025-10-28,5094.45,3664.05,987.22,1468.42,1480.06
2025-10-29,5206.17,3661.39,991.45,1478.41,1497.28
2025-10-30,5196.32,3653.92,981.91,1462.16,1481.65
2025-10-31,5138.25,3725.34,971.24,1450.9,1479.56
2025-11-03,5173.68,3784.37,976.5,1454.04,1477.87
2025-11-04,5161.87,3760.56,969.22,1436.81,1466.32
2025-11-06,5146.12,3630.11,968.63,1435.63,1489.21
2025-11-07,4937.94,3570.58,966.32,1445.52,1471.2
2025-11-10,4913.82,3491.29,968.48,1481.44,1482.45
2025-11-11,4900.53,3555.63,975.56,1497.89,1486.53
2025-11-12,4846.88,3512.73,973.4,1518.83,1504.54
2025-11-13,4836.06,3549.73,970.6,1509.14,1503.95
2025-11-14,4874.94,3493.75,973.5,1470.97,1511.91
2025-11-17,4962.54,3564.88,980.34,1475.67,1511.31
2025-11-18,5000.93,3560.35,976.3,1454.92,1512.41
2025-11-19,5003.39,3526.51,978.42,1508.46,1511.91
2025-11-20,5066.39,3500.34,992.44,1503.96,1541.97
2025-11-21,5012.25,3559.07,981.81,1512.28,1539.48
2025-11-24,4977.8,3610.92,982.89,1515.21,1528.83
2025-11-25,4991.09,3578.85,973.7,1498.18,1532.61
2025-11-26,5116.1,3627.06,987.57,1524.9,1562.67
2025-11-27,5158.43,3785.65,993.08,1533.22,1556.2
2025-11-28,5093.95,3755.74,991.21,1527.06,1560.29
2025-12-01,5108.23,3782.11,985.8,1530.87,1558.89
2025-12-02,5101.83,3696.52,973.7,1527.94,1539.18
2025-12-03,5027.02,3738.63,984.22,1545.26,1531.72
2025-12-04,5091.49,3673.49,980.98,1563.76,1528.53
2025-12-05,5092.48,3650.96,986.98,1581.97,1533.51
2025-12-08,4978.29,3616.82,986.78,1576.68,1535.9
2025-12-09,5036.86,3615.45,980.88,1565.13,1522.36
2025-12-10,5071.31,3588.39,973.7,1551.23,1529.83
2025-12-11,5160.4,3615.94,984.02,1564.15,1537.89
2025-12-12,5195.34,3600.59,985.21,1564.35,1549.34
2025-12-15,5202.23,3659.03,979.89,1572.77,1549.04
2025-12-16,5159.9,3618.79,978.12,1559.16,1535.2
2025-12-17,5090.02,3584.06,967.99,1568.07,1537.29
2025-12-18,5017.67,3579.64,963.76,1592.34,1537.29
2025-12-19,5095.92,3557.4,969.47,1603.99,1557.9
2025-12-22,5099.86,3566.94,971.63,1653.81,1568.15
2025-12-23,5122.5,3686.48,980.38,1632.96,1563.47
2025-12-24,5133.33,3668.28,980.98,1628.17,1551.03
2025-12-26,5101.83,3638.37,975.96,1621.02,1552.02
2025-12-29,5084.11,3661.89,975.56,1609.86,1538.49
2025-12-30,5058.02,3650.47,974.78,1587.25,1532.71
2025-12-31,5089.03,3659.72,975.07,1581.18,1563.17
2026-01-01,5095.43,3758.89,975.02,1595.28,1568.35
2026-01-02,5123.98,3784.96,985.3,1605.65,1584.97
2026-01-05,5087.55,3898.11,961.6,1572.37,1570.84
2026-01-06,5142.68,3884.83,946.54,1578.05,1500.66
2026-01-07,5216.01,3827.27,933.61,1604.28,1497.28
2026-01-08,4942.36,3819.4,931.3,1579.13,1463.83
2026-01-09,5013.24,3756.73,923.72,1579.91,1468.51
2026-01-12,4968.94,3690.81,921.71,1562.1,1476.37
2026-01-13,4888.23,3662.48,922.1,1565.13,1446.11
2026-01-14,4857.71,3630.4,910.39,1565.91,1452.09
2026-01-15,4857.71,3630.4,910.39,1565.91,1452.09
2026-01-16,4796.19,3618.99,915.95,1654.01,1451.19
2026-01-19,4789.3,3515.29,912.8,1645.59,1407.09
2026-01-20,4618.02,3449.57,916.05,1623.76,1387.58
2026-01-21,4633.77,3517.65,905.38,1619.36,1398.14
2026-01-22,4681.02,3495.91,903.75,1628.27,1396.05
2026-01-23,4620.98,3443.86,901.19,1635.41,1379.72
2026-01-27,4633.77,3412.77,911.33,1647.06,1374.15
2026-01-28,4964.51,3426.35,917.52,1631.2,1390.27
2026-01-29,5388.27,3239.13,920.28,1624.35,1384.6
2026-01-30,5491.13,3326.2,914.13,1606.24,1388.98
2026-02-02,5382.36,3444.75,913.0,1594.89,1384.0
2026-02-03,5579.72,3542.64,933.26,1620.92,1430.49
2026-02-04,5664.87,3541.66,937.59,1503.27,1450.1
2026-02-05,5679.63,3654.11,934.25,1488.0,1436.76
2026-02-06,5724.91,3702.91,925.79,1475.18,1444.12
2026-02-09,5724.42,3716.59,922.0,1465.49,1454.87
2026-02-10,5778.07,3761.84,917.23,1466.08,1451.79
2026-02-11,5734.27,3635.32,912.02,1440.72,1461.94
2026-02-12,5697.84,3577.08,905.62,1356.64,1442.23
2026-02-13,5689.97,3528.67,889.19,1340.1,1413.07
2026-02-16,5795.79,3481.6,910.74,1336.68,1430.49
2026-02-17,5744.6,3465.98,910.64,1361.73,1416.45
2026-02-18,5789.39,3507.51,909.65,1344.6,1434.67
2026-02-19,5629.93,3421.78,900.7,1341.47,1403.01
2026-02-20,5893.24,3379.56,897.01,1324.54,1412.87
2026-02-23,5824.82,3444.92,908.57,1299.38,1421.43
2026-02-24,5961.16,3525.51,895.69,1248.48,1422.22
2026-02-25,6070.91,3562.49,892.83,1262.77,1392.06
2026-02-26,6036.95,3559.23,883.98,1261.8,1400.33
2026-02-27,5977.89,3479.23,873.31,1272.56,1387.48
2026-03-02,5889.3,3359.39,865.09,1261.6,1351.75
2026-03-04,5739.19,3229.85,854.52,1279.71,1338.81
2026-03-05,5836.14,3296.0,863.47,1278.14,1383.01
2026-03-06,5967.06,3254.77,843.11,1280.69,1398.33
2026-03-09,5888.81,3167.56,827.02,1287.15,1417.45
2026-03-10,6127.02,3291.55,835.63,1268.16,1402.32
2026-03-11,6181.65,3358.6,820.38,1249.27,1383.8
2026-03-12,6308.63,3193.66,819.2,1238.99,1385.79
2026-03-13,6292.39,3085.68,803.71,1221.86,1374.35
2026-03-16,6120.62,3025.76,826.92,1223.33,1388.68
2026-03-17,6211.67,3018.64,831.6,1206.79,1391.17
2026-03-18,6238.25,3056.22,829.33,1240.26,1401.62
2026-03-19,6116.68,2854.9,785.21,1194.94,1378.43
2026-03-20,6198.38,3025.17,767.75,1229.3,1407.89
2026-03-23,5946.88,2839.47,732.04,1230.18,1401.32
2026-03-24,6065.5,2867.35,752.45,1251.22,1405.3
2026-03-25,6115.2,2934.2,769.57,1252.01,1406.6
2026-03-27,6009.39,2810.6,743.9,1242.81,1341.9
2026-03-30,5848.45,2709.64,719.65,1224.11,1337.71
